alternans_uv,noise_uv,positive,indeterminate_noise,n
0,5,0,0,24
1,5,0,0,24
2,5,0,0,24
3,5,0,0,24
4,5,0,0,24
5,5,16,0,24
6,5,24,0,24
8,5,24,0,24
10,5,24,0,24
15,5,24,0,24
0,10,0,0,24
1,10,0,0,24
2,10,0,0,24
3,10,0,0,24
4,10,0,0,24
5,10,17,0,24
6,10,24,0,24
8,10,24,0,24
10,10,24,0,24
15,10,24,0,24
0,20,0,0,24
1,20,0,0,24
2,20,0,0,24
3,20,0,0,24
4,20,1,0,24
5,20,14,0,24
6,20,24,0,24
8,20,24,0,24
10,20,24,0,24
15,20,24,0,24
0,40,0,1,24
1,40,1,3,24
2,40,1,2,24
3,40,1,6,24
4,40,3,8,24
5,40,7,4,24
6,40,16,4,24
8,40,18,6,24
10,40,21,3,24
15,40,16,8,24
0,60,0,24,24
1,60,0,24,24
2,60,0,24,24
3,60,0,24,24
4,60,0,24,24
5,60,0,24,24
6,60,0,24,24
8,60,0,24,24
10,60,0,24,24
15,60,0,24,24
0,100,0,24,24
1,100,0,24,24
2,100,0,24,24
3,100,0,24,24
4,100,0,24,24
5,100,0,24,24
6,100,0,24,24
8,100,0,24,24
10,100,0,24,24
15,100,0,24,24
