record,beats,ours_tp,ours_fn,ours_fp,browser_tp,browser_fn,browser_fp,neurokit2_tp,neurokit2_fn,neurokit2_fp
100,2273,2273,0,0,2272,1,0,2270,3,0
101,1865,1864,1,3,1864,1,3,1863,2,2
102,2187,2187,0,0,2187,0,0,2186,1,0
103,2084,2084,0,0,2084,0,0,2084,0,0
104,2229,2228,1,1,2228,1,1,2220,9,1
105,2572,2559,13,23,2561,11,22,2546,26,15
106,2027,1983,44,2,1985,42,1,2022,5,9
107,2137,2136,1,2,2136,1,1,2136,1,0
108,1763,1756,7,8,1753,10,11,1563,200,181
109,2532,2531,1,0,2532,0,0,2531,1,0
111,2124,2123,1,0,2123,1,0,2124,0,0
112,2539,2539,0,0,2539,0,0,2539,0,0
113,1795,1795,0,0,1794,1,0,1794,1,1039
114,1879,1877,2,1,1878,1,0,1877,2,4
115,1953,1953,0,0,1953,0,0,1953,0,0
116,2412,2392,20,2,2392,20,2,2398,14,2
117,1535,1535,0,0,1535,0,0,1534,1,0
118,2278,2278,0,0,2278,0,0,2277,1,0
119,1987,1987,0,1,1987,0,1,1987,0,1
121,1863,1863,0,0,1862,1,0,1862,1,0
122,2476,2476,0,0,2476,0,0,2474,2,1
123,1518,1515,3,0,1515,3,0,1517,1,1
124,1619,1619,0,0,1619,0,0,1600,19,3
200,2601,2599,2,5,2599,2,5,2594,7,3
201,1963,1948,15,0,1953,10,0,1963,0,57
202,2136,2133,3,0,2133,3,0,2135,1,0
203,2980,2877,103,12,2886,94,14,2739,241,30
205,2656,2640,16,0,2639,17,0,2624,32,0
207,1860,1852,8,2,1855,5,2,1340,520,9
208,2955,2936,19,3,2942,13,3,2945,10,4
209,3005,3005,0,0,3005,0,0,3005,0,0
210,2650,2632,18,1,2641,9,1,2549,101,2
212,2748,2748,0,0,2748,0,0,2748,0,0
213,3251,3250,1,0,3251,0,0,3244,7,0
214,2262,2255,7,0,2254,8,1,2257,5,2
215,3363,3363,0,0,3363,0,0,3359,4,0
217,2208,2205,3,1,2206,2,1,2206,2,1
219,2154,2154,0,0,2154,0,0,2154,0,0
220,2048,2048,0,0,2048,0,0,2047,1,0
221,2427,2426,1,0,2427,0,0,2419,8,5
222,2483,2480,3,2,2480,3,2,2482,1,2
223,2605,2603,2,0,2604,1,0,2605,0,0
228,2053,2050,3,13,2051,2,10,2051,2,13
230,2256,2256,0,1,2256,0,0,2255,1,0
231,1571,1570,1,0,1570,1,0,1571,0,410
232,1780,1780,0,7,1780,0,11,1780,0,64
233,3079,3078,1,0,3078,1,0,3072,7,0
234,2753,2752,1,1,2753,0,0,2753,0,0
