record,group,source,reference_rank,estimate_uv,v_alt_uv,mma_uv
twa00,real-dev,sdd,1,0.0000,2.9836,60.1668
twa01,synthetic,syn,91,0.8398,0.8398,4.9881
twa02,real-test,sdd,2,0.0000,0.0000,0.0000
twa03,real-dev,ptb,51,0.0000,1.4650,15.1761
twa04,real-dev,lts,3,0.0000,0.0000,44.2900
twa05,real-test,sdd,4,0.0000,39.9128,150.6392
twa06,synthetic,syn,87,0.9225,0.9225,8.5379
twa07,real-test,lts,5,0.0000,0.0914,124.7556
twa08,real-dev,sdd,6,0.0000,1.9826,50.0423
twa09,synthetic,syn,92,1.5231,1.5231,9.0480
twa10,real-test,nsr,7,0.0000,0.0000,8.3314
twa11,real-test,ptb,8,0.0000,0.0000,14.8434
twa12,real-dev,inc,9,0.0000,1.4112,26.7888
twa13,synthetic,syn,90,5.0777,5.0777,27.9512
twa14,real-test,lts,11,0.0000,2.4417,35.2797
twa15,synthetic,syn,82,0.4113,0.4113,5.9022
twa16,real-test,inc,10,0.0000,16.4972,68.0461
twa17,synthetic,syn,77,0.9595,0.9595,5.9408
twa18,real-dev,ptb,14,0.0000,0.8551,17.1941
twa19,real-test,ptb,21,0.0000,0.0000,15.1757
twa20,real-dev,ptb,12,0.0000,0.0000,14.9512
twa21,synthetic,syn,88,0.6679,0.6679,6.5834
twa22,real-test,sdd,17,0.0000,1.7896,11.7174
twa23,real-test,nsr,13,0.0000,0.6024,22.9885
twa24,real-dev,inc,15,0.0000,0.4208,29.8206
twa25,synthetic,syn,42,0.3822,1.5446,33.7550
twa26,real-dev,inc,16,0.0000,3.0511,31.7396
twa27,real-test,inc,19,0.0000,3.8421,45.5766
twa28,synthetic,syn,27,1.1277,1.1277,7.0957
twa29,synthetic,syn,97,3.5617,3.5617,19.9576
twa30,synthetic,syn,29,0.0000,0.1375,6.4884
twa31,real-test,ptb,24,0.0000,0.4283,20.7664
twa32,real-test,lts,18,9.2458,9.2458,42.0152
twa33,synthetic,syn,89,0.8814,0.8814,9.0555
twa34,synthetic,syn,100,1.9555,1.9555,9.0309
twa35,synthetic,syn,34,0.0000,0.2732,29.4277
twa36,real-dev,ptb,30,0.0000,0.1347,13.6103
twa37,real-dev,lts,35,0.0000,3.2639,126.4099
twa38,real-test,ptb,20,0.0000,0.0000,22.6487
twa39,real-test,ptbc,22,0.0000,0.6438,19.1130
twa40,real-dev,ptb,23,0.0000,0.1115,6.5322
twa41,real-test,ptb,25,0.0000,0.0000,6.2557
twa42,real-test,ptb,28,0.5354,1.2406,15.7336
twa43,real-dev,lts,31,0.0000,0.0000,5.3430
twa44,real-test,inc,32,0.0000,9.1686,58.9442
twa45,real-test,sdd,26,0.0000,1.2829,14.4130
twa46,real-dev,ptbc,33,0.0000,1.3072,12.5209
twa47,real-dev,ptb,36,0.0000,0.0000,23.8973
twa48,real-dev,ptb,37,0.0000,0.8724,8.5344
twa49,real-dev,ptb,38,0.0000,0.0000,12.7559
twa50,synthetic,syn,93,0.4797,0.5059,5.6446
twa51,synthetic,syn,83,0.1797,0.3001,6.3600
twa52,synthetic,sync,49,1.9799,1.9799,32.8540
twa53,real-dev,ptb,39,0.0000,0.0000,11.3540
twa54,real-test,ptb,40,0.0000,0.0000,13.9691
twa55,real-dev,ptbc,43,0.0000,0.8270,12.3555
twa56,real-dev,inc,41,3.3092,5.0350,38.7035
twa57,real-test,lts,46,0.0000,2.6132,56.3714
twa58,real-test,inc,48,0.0000,11.2764,94.3532
twa59,real-dev,sdd,47,0.0000,0.0000,6.5839
twa60,real-test,ptbc,45,0.0000,0.1794,6.1230
twa61,real-test,nsr,44,0.6618,1.0624,13.3538
twa62,real-dev,nsr,50,1.6383,4.0821,47.8325
twa63,real-dev,sdd,52,0.0000,0.0000,12.7602
twa64,synthetic,syn,69,0.0000,0.1658,9.6957
twa65,real-dev,ptb,53,3.1135,4.0267,26.9012
twa66,real-dev,ptb,56,0.0000,0.1546,10.6911
twa67,synthetic,syn,74,0.2679,0.2938,4.3490
twa68,real-test,sdd,59,0.0000,0.0000,48.2372
twa69,synthetic,syn,72,0.4472,0.4472,6.0579
twa70,synthetic,syn,75,0.6566,0.7700,6.4991
twa71,real-dev,nsr,54,0.0000,1.0925,21.9710
twa72,synthetic,syn,99,1.5750,1.5750,13.6418
twa73,synthetic,syn,98,1.0678,1.3730,18.1933
twa74,real-test,inc,55,0.0000,4.2760,24.3920
twa75,real-test,ptb,61,0.0000,0.6743,6.6362
twa76,synthetic,syn,65,0.2142,0.3955,8.0438
twa77,real-dev,lts,57,0.0000,1.0022,36.3152
twa78,synthetic,syn,60,0.0000,0.2309,4.6905
twa79,synthetic,syn,95,1.0771,1.0771,8.8018
twa80,real-dev,lts,62,0.0000,0.0000,41.2381
twa81,synthetic,sync,85,0.0000,0.2886,13.2043
twa82,synthetic,syn,84,0.1443,0.5091,13.4512
twa83,real-test,ptb,64,0.0000,0.2393,7.2567
twa84,real-dev,inc,66,0.0000,0.0000,22.5202
twa85,real-dev,lts,58,2.1286,2.1286,19.9570
twa86,real-test,ptb,67,0.0000,0.0000,6.9643
twa87,real-test,ptb,70,0.0000,0.0000,11.5093
twa88,synthetic,syn,78,0.0936,0.2246,3.9923
twa89,real-test,lts,71,0.0000,3.2374,55.8623
twa90,real-test,ptbc,63,0.0000,0.0351,6.9475
twa91,synthetic,syn,94,1.2428,1.2428,9.7399
twa92,real-test,lts,68,2.7983,2.9146,18.7047
twa93,real-dev,nsr,76,0.0000,1.1906,47.2971
twa94,real-dev,ptb,73,0.0000,1.6620,28.8891
twa95,real-dev,sdd,79,0.0000,0.3361,15.1203
twa96,real-test,ptb,80,0.0000,0.0000,9.4839
twa97,synthetic,syn,96,1.2849,1.2849,7.1488
twa98,synthetic,syn,86,0.4701,0.4864,6.7568
twa99,real-dev,ptbc,81,0.0000,0.0000,17.3996
